doctor_id,first_name,last_name,full_name,gender,department_id,department_name,hospital_id,hospital_name,employment_type,years_experience,salary_band
DOC0001,Adam,Miller,Dr Adam Miller,Female,10,Gastroenterology,5,Addenbrooke's Hospital,Junior Doctor,6,NHS Band 9
DOC0002,Christopher,Edwards,Dr Christopher Edwards,Female,9,Respiratory Medicine,17,Royal Victoria Infirmary,Consultant,31,NHS Band 6
DOC0003,Kristen,Burke,Dr Kristen Burke,Male,7,Paediatrics,16,University College Hospital,Registrar,19,NHS Band 9
DOC0004,Richard,Soto,Dr Richard Soto,Male,7,Paediatrics,3,St Thomas' Hospital,Junior Doctor,24,NHS Band 9
DOC0005,Jason,Hughes,Dr Jason Hughes,Female,4,Neurology,2,Queen Elizabeth Hospital Birmingham,Consultant,26,NHS Band 7
DOC0006,Rebekah,Jones,Dr Rebekah Jones,Male,3,Emergency Medicine,12,Leicester Royal Infirmary,Specialist,12,NHS Band 7
DOC0007,Rachel,Warren,Dr Rachel Warren,Female,7,Paediatrics,7,Manchester Royal Infirmary,Junior Doctor,12,NHS Band 9
DOC0008,Alison,Davis,Dr Alison Davis,Female,8,Obstetrics and Gynaecology,15,King's College Hospital,Junior Doctor,29,NHS Band 8B
DOC0009,Karen,Byrd,Dr Karen Byrd,Female,9,Respiratory Medicine,5,Addenbrooke's Hospital,Registrar,31,NHS Band 6
DOC0010,Brett,Collins,Dr Brett Collins,Female,4,Neurology,6,Royal Free Hospital,Registrar,34,NHS Band 7
DOC0011,Juan,Yu,Dr Juan Yu,Female,7,Paediatrics,7,Manchester Royal Infirmary,Junior Doctor,3,NHS Band 8A
DOC0012,Thomas,Davenport,Dr Thomas Davenport,Male,2,Oncology,13,Southmead Hospital,Specialist,12,NHS Band 9
DOC0013,Lori,Howard,Dr Lori Howard,Male,6,General Surgery,16,University College Hospital,Specialist,3,NHS Band 6
DOC0014,Erin,Huang,Dr Erin Huang,Female,1,Cardiology,6,Royal Free Hospital,Consultant,31,NHS Band 9
DOC0015,Jonathan,Brown,Dr Jonathan Brown,Male,10,Gastroenterology,8,Leeds General Infirmary,Consultant,32,NHS Band 8C
DOC0016,Jacob,Pratt,Dr Jacob Pratt,Female,4,Neurology,15,King's College Hospital,Junior Doctor,3,NHS Band 8A
DOC0017,Tina,Greene,Dr Tina Greene,Male,9,Respiratory Medicine,9,Nottingham City Hospital,Specialist,32,NHS Band 8A
DOC0018,Sarah,Smith,Dr Sarah Smith,Male,6,General Surgery,16,University College Hospital,Specialist,22,NHS Band 7
DOC0019,Charles,Baker,Dr Charles Baker,Male,11,Endocrinology,8,Leeds General Infirmary,Consultant,19,NHS Band 8B
DOC0020,Hannah,Ortiz,Dr Hannah Ortiz,Female,5,Orthopaedics,1,University Hospital Coventry,Specialist,27,NHS Band 7
DOC0021,Maria,Harper,Dr Maria Harper,Male,5,Orthopaedics,14,University Hospital Southampton,Junior Doctor,10,NHS Band 8A
DOC0022,David,Eaton,Dr David Eaton,Female,2,Oncology,4,Guy's Hospital,Junior Doctor,19,NHS Band 7
DOC0023,Jeanne,Schultz,Dr Jeanne Schultz,Female,6,General Surgery,14,University Hospital Southampton,Specialist,7,NHS Band 9
DOC0024,Eddie,Sutton,Dr Eddie Sutton,Male,5,Orthopaedics,1,University Hospital Coventry,Consultant,3,NHS Band 9
DOC0025,Claire,Henson,Dr Claire Henson,Male,1,Cardiology,17,Royal Victoria Infirmary,Specialist,33,NHS Band 8B
DOC0026,Holly,Johnson,Dr Holly Johnson,Female,3,Emergency Medicine,12,Leicester Royal Infirmary,Specialist,8,NHS Band 8C
DOC0027,Julie,Mills,Dr Julie Mills,Female,12,Nephrology,14,University Hospital Southampton,Specialist,34,NHS Band 8C
DOC0028,Crystal,Cooke,Dr Crystal Cooke,Female,5,Orthopaedics,6,Royal Free Hospital,Consultant,30,NHS Band 8A
DOC0029,Amber,Ramirez,Dr Amber Ramirez,Male,12,Nephrology,17,Royal Victoria Infirmary,Registrar,22,NHS Band 8B
DOC0030,Thomas,Lang,Dr Thomas Lang,Female,1,Cardiology,12,Leicester Royal Infirmary,Junior Doctor,22,NHS Band 9
DOC0031,Kimberly,Curry,Dr Kimberly Curry,Female,5,Orthopaedics,13,Southmead Hospital,Registrar,16,NHS Band 7
DOC0032,Michele,Newman,Dr Michele Newman,Male,8,Obstetrics and Gynaecology,16,University College Hospital,Registrar,20,NHS Band 9
DOC0033,Nicholas,Wiley,Dr Nicholas Wiley,Male,6,General Surgery,18,Royal Hallamshire Hospital,Registrar,11,NHS Band 9
DOC0034,John,Harris,Dr John Harris,Male,3,Emergency Medicine,4,Guy's Hospital,Consultant,32,NHS Band 8A
DOC0035,Kyle,Knapp,Dr Kyle Knapp,Female,10,Gastroenterology,8,Leeds General Infirmary,Registrar,2,NHS Band 8C
DOC0036,Paul,Smith,Dr Paul Smith,Male,11,Endocrinology,10,John Radcliffe Hospital,Specialist,33,NHS Band 8B
DOC0037,Troy,Price,Dr Troy Price,Male,2,Oncology,4,Guy's Hospital,Junior Doctor,33,NHS Band 6
DOC0038,Craig,Ballard,Dr Craig Ballard,Female,7,Paediatrics,4,Guy's Hospital,Registrar,30,NHS Band 6
DOC0039,Kathy,Welch,Dr Kathy Welch,Male,7,Paediatrics,10,John Radcliffe Hospital,Registrar,23,NHS Band 8C
DOC0040,Steven,Fitzgerald,Dr Steven Fitzgerald,Female,11,Endocrinology,11,Royal Stoke University Hospital,Junior Doctor,2,NHS Band 8C
DOC0041,Lucas,Bennett,Dr Lucas Bennett,Female,1,Cardiology,3,St Thomas' Hospital,Consultant,27,NHS Band 8C
DOC0042,Courtney,Cook,Dr Courtney Cook,Male,10,Gastroenterology,8,Leeds General Infirmary,Specialist,17,NHS Band 8C
DOC0043,Joshua,White,Dr Joshua White,Female,7,Paediatrics,11,Royal Stoke University Hospital,Junior Doctor,29,NHS Band 8A
DOC0044,Kristina,Palmer,Dr Kristina Palmer,Female,11,Endocrinology,11,Royal Stoke University Hospital,Consultant,20,NHS Band 7
DOC0045,Susan,Palmer,Dr Susan Palmer,Female,2,Oncology,1,University Hospital Coventry,Registrar,25,NHS Band 8B
DOC0046,Cody,Williams,Dr Cody Williams,Female,11,Endocrinology,2,Queen Elizabeth Hospital Birmingham,Specialist,5,NHS Band 6
DOC0047,Christopher,Mcfarland,Dr Christopher Mcfarland,Male,4,Neurology,12,Leicester Royal Infirmary,Consultant,7,NHS Band 8A
DOC0048,James,Warren,Dr James Warren,Male,5,Orthopaedics,5,Addenbrooke's Hospital,Junior Doctor,22,NHS Band 8A
DOC0049,Joanna,Padilla,Dr Joanna Padilla,Male,7,Paediatrics,5,Addenbrooke's Hospital,Registrar,12,NHS Band 9
DOC0050,Shannon,Robinson,Dr Shannon Robinson,Female,8,Obstetrics and Gynaecology,3,St Thomas' Hospital,Consultant,21,NHS Band 8A
DOC0051,Justin,Brown,Dr Justin Brown,Male,2,Oncology,18,Royal Hallamshire Hospital,Registrar,25,NHS Band 9
DOC0052,Tiffany,Trujillo,Dr Tiffany Trujillo,Male,11,Endocrinology,9,Nottingham City Hospital,Junior Doctor,22,NHS Band 8C
DOC0053,Michael,Vaughan,Dr Michael Vaughan,Female,2,Oncology,18,Royal Hallamshire Hospital,Specialist,30,NHS Band 7
DOC0054,Joshua,Chase,Dr Joshua Chase,Male,8,Obstetrics and Gynaecology,9,Nottingham City Hospital,Consultant,11,NHS Band 8B
DOC0055,Christopher,Jackson,Dr Christopher Jackson,Female,1,Cardiology,9,Nottingham City Hospital,Registrar,27,NHS Band 6
DOC0056,Jeffrey,Hamilton,Dr Jeffrey Hamilton,Female,12,Nephrology,13,Southmead Hospital,Consultant,12,NHS Band 9
DOC0057,Emily,Brooks,Dr Emily Brooks,Male,1,Cardiology,14,University Hospital Southampton,Junior Doctor,32,NHS Band 8C
DOC0058,Bryan,Wilkinson,Dr Bryan Wilkinson,Male,8,Obstetrics and Gynaecology,10,John Radcliffe Hospital,Registrar,27,NHS Band 9
DOC0059,Travis,Barker,Dr Travis Barker,Male,12,Nephrology,12,Leicester Royal Infirmary,Specialist,12,NHS Band 8C
DOC0060,Michelle,Stevenson,Dr Michelle Stevenson,Female,2,Oncology,10,John Radcliffe Hospital,Junior Doctor,7,NHS Band 7
DOC0061,Brittany,Robinson,Dr Brittany Robinson,Male,7,Paediatrics,9,Nottingham City Hospital,Junior Doctor,26,NHS Band 8B
DOC0062,Tammy,Murphy,Dr Tammy Murphy,Female,10,Gastroenterology,1,University Hospital Coventry,Junior Doctor,28,NHS Band 8A
DOC0063,Michael,Johnson,Dr Michael Johnson,Female,9,Respiratory Medicine,18,Royal Hallamshire Hospital,Consultant,17,NHS Band 7
DOC0064,Susan,Carroll,Dr Susan Carroll,Female,6,General Surgery,11,Royal Stoke University Hospital,Registrar,25,NHS Band 9
DOC0065,Garrett,Mitchell,Dr Garrett Mitchell,Female,5,Orthopaedics,8,Leeds General Infirmary,Junior Doctor,23,NHS Band 9
DOC0066,Donna,Wilkerson,Dr Donna Wilkerson,Female,5,Orthopaedics,17,Royal Victoria Infirmary,Consultant,30,NHS Band 8C
DOC0067,Sandra,Sampson,Dr Sandra Sampson,Male,11,Endocrinology,15,King's College Hospital,Specialist,15,NHS Band 8A
DOC0068,Sara,Grant,Dr Sara Grant,Female,7,Paediatrics,11,Royal Stoke University Hospital,Junior Doctor,21,NHS Band 8B
DOC0069,Douglas,Ford,Dr Douglas Ford,Female,10,Gastroenterology,4,Guy's Hospital,Registrar,30,NHS Band 8A
DOC0070,Edwin,Dominguez,Dr Edwin Dominguez,Male,9,Respiratory Medicine,11,Royal Stoke University Hospital,Junior Doctor,7,NHS Band 8A
DOC0071,Lindsey,Stone,Dr Lindsey Stone,Male,10,Gastroenterology,10,John Radcliffe Hospital,Registrar,11,NHS Band 7
DOC0072,Gregory,King,Dr Gregory King,Female,6,General Surgery,10,John Radcliffe Hospital,Consultant,33,NHS Band 8B
DOC0073,Misty,Cummings,Dr Misty Cummings,Male,1,Cardiology,18,Royal Hallamshire Hospital,Consultant,33,NHS Band 6
DOC0074,Christopher,Marshall,Dr Christopher Marshall,Male,3,Emergency Medicine,10,John Radcliffe Hospital,Consultant,27,NHS Band 8A
DOC0075,Wanda,Cameron,Dr Wanda Cameron,Male,8,Obstetrics and Gynaecology,12,Leicester Royal Infirmary,Registrar,8,NHS Band 8C
DOC0076,Sean,Bright,Dr Sean Bright,Male,6,General Surgery,7,Manchester Royal Infirmary,Specialist,4,NHS Band 8A
DOC0077,Wayne,Johnson,Dr Wayne Johnson,Female,1,Cardiology,5,Addenbrooke's Hospital,Junior Doctor,29,NHS Band 8A
DOC0078,Marc,Johnson,Dr Marc Johnson,Female,5,Orthopaedics,14,University Hospital Southampton,Registrar,32,NHS Band 8A
DOC0079,Linda,Khan,Dr Linda Khan,Female,3,Emergency Medicine,14,University Hospital Southampton,Specialist,32,NHS Band 6
DOC0080,Melinda,Vance,Dr Melinda Vance,Male,8,Obstetrics and Gynaecology,6,Royal Free Hospital,Registrar,31,NHS Band 9
DOC0081,Andrew,Adkins,Dr Andrew Adkins,Female,5,Orthopaedics,16,University College Hospital,Specialist,20,NHS Band 8A
DOC0082,Melanie,Burnett,Dr Melanie Burnett,Male,9,Respiratory Medicine,11,Royal Stoke University Hospital,Specialist,15,NHS Band 8A
DOC0083,Katherine,Leonard,Dr Katherine Leonard,Male,7,Paediatrics,10,John Radcliffe Hospital,Registrar,28,NHS Band 8B
DOC0084,Laura,Gutierrez,Dr Laura Gutierrez,Male,5,Orthopaedics,6,Royal Free Hospital,Junior Doctor,25,NHS Band 9
DOC0085,Tammy,Collins,Dr Tammy Collins,Male,6,General Surgery,1,University Hospital Coventry,Registrar,14,NHS Band 6
DOC0086,David,Cortez,Dr David Cortez,Male,10,Gastroenterology,12,Leicester Royal Infirmary,Specialist,13,NHS Band 8B
DOC0087,James,Pruitt,Dr James Pruitt,Male,8,Obstetrics and Gynaecology,12,Leicester Royal Infirmary,Registrar,29,NHS Band 7
DOC0088,Leah,Willis,Dr Leah Willis,Male,2,Oncology,17,Royal Victoria Infirmary,Junior Doctor,32,NHS Band 8C
DOC0089,Kathleen,Williams,Dr Kathleen Williams,Female,7,Paediatrics,5,Addenbrooke's Hospital,Specialist,32,NHS Band 8B
DOC0090,Noah,Fitzgerald,Dr Noah Fitzgerald,Female,6,General Surgery,9,Nottingham City Hospital,Junior Doctor,28,NHS Band 6
DOC0091,Carolyn,Park,Dr Carolyn Park,Male,9,Respiratory Medicine,16,University College Hospital,Consultant,22,NHS Band 7
DOC0092,Dana,Smith,Dr Dana Smith,Male,9,Respiratory Medicine,5,Addenbrooke's Hospital,Consultant,23,NHS Band 8A
DOC0093,Lisa,Hernandez,Dr Lisa Hernandez,Female,9,Respiratory Medicine,11,Royal Stoke University Hospital,Registrar,23,NHS Band 8B
DOC0094,Amy,Allen,Dr Amy Allen,Female,11,Endocrinology,6,Royal Free Hospital,Junior Doctor,8,NHS Band 8C
DOC0095,Amy,Harmon,Dr Amy Harmon,Female,6,General Surgery,2,Queen Elizabeth Hospital Birmingham,Junior Doctor,19,NHS Band 8B
DOC0096,Robert,Jordan,Dr Robert Jordan,Female,9,Respiratory Medicine,5,Addenbrooke's Hospital,Consultant,3,NHS Band 8B
DOC0097,Joel,Grant,Dr Joel Grant,Male,9,Respiratory Medicine,10,John Radcliffe Hospital,Consultant,12,NHS Band 7
DOC0098,James,Owens,Dr James Owens,Female,12,Nephrology,6,Royal Free Hospital,Junior Doctor,26,NHS Band 6
DOC0099,Margaret,Vega,Dr Margaret Vega,Male,8,Obstetrics and Gynaecology,16,University College Hospital,Specialist,19,NHS Band 7
DOC0100,Michael,Kane,Dr Michael Kane,Male,9,Respiratory Medicine,4,Guy's Hospital,Specialist,13,NHS Band 7
DOC0101,Scott,Clayton,Dr Scott Clayton,Female,8,Obstetrics and Gynaecology,18,Royal Hallamshire Hospital,Specialist,9,NHS Band 8C
DOC0102,Andrew,Sutton,Dr Andrew Sutton,Male,5,Orthopaedics,6,Royal Free Hospital,Junior Doctor,4,NHS Band 6
DOC0103,Cindy,Silva,Dr Cindy Silva,Female,5,Orthopaedics,4,Guy's Hospital,Consultant,14,NHS Band 8C
DOC0104,Heather,Williams,Dr Heather Williams,Female,11,Endocrinology,18,Royal Hallamshire Hospital,Junior Doctor,9,NHS Band 6
DOC0105,Steven,Sanders,Dr Steven Sanders,Male,10,Gastroenterology,12,Leicester Royal Infirmary,Specialist,18,NHS Band 8A
DOC0106,Hannah,Fisher,Dr Hannah Fisher,Female,1,Cardiology,9,Nottingham City Hospital,Registrar,33,NHS Band 8C
DOC0107,Nicole,Fisher,Dr Nicole Fisher,Male,4,Neurology,9,Nottingham City Hospital,Consultant,13,NHS Band 8B
DOC0108,Lori,Perez,Dr Lori Perez,Female,9,Respiratory Medicine,8,Leeds General Infirmary,Registrar,23,NHS Band 9
DOC0109,Jason,Miller,Dr Jason Miller,Female,9,Respiratory Medicine,12,Leicester Royal Infirmary,Specialist,30,NHS Band 7
DOC0110,Heather,Davis,Dr Heather Davis,Male,2,Oncology,3,St Thomas' Hospital,Consultant,30,NHS Band 8C
DOC0111,Nancy,Thomas,Dr Nancy Thomas,Male,8,Obstetrics and Gynaecology,7,Manchester Royal Infirmary,Consultant,14,NHS Band 8B
DOC0112,Corey,Odom,Dr Corey Odom,Female,9,Respiratory Medicine,8,Leeds General Infirmary,Junior Doctor,3,NHS Band 6
DOC0113,Ruth,Thomas,Dr Ruth Thomas,Male,3,Emergency Medicine,18,Royal Hallamshire Hospital,Consultant,34,NHS Band 8C
DOC0114,Tyler,Anderson,Dr Tyler Anderson,Male,4,Neurology,8,Leeds General Infirmary,Junior Doctor,33,NHS Band 6
DOC0115,Carolyn,Campbell,Dr Carolyn Campbell,Female,10,Gastroenterology,8,Leeds General Infirmary,Junior Doctor,5,NHS Band 6
DOC0116,Christian,Henry,Dr Christian Henry,Male,5,Orthopaedics,9,Nottingham City Hospital,Registrar,22,NHS Band 9
DOC0117,Justin,Shaffer,Dr Justin Shaffer,Male,6,General Surgery,4,Guy's Hospital,Registrar,14,NHS Band 6
DOC0118,Jessica,Yang,Dr Jessica Yang,Male,4,Neurology,7,Manchester Royal Infirmary,Consultant,24,NHS Band 6
DOC0119,Sharon,Mcclain,Dr Sharon Mcclain,Male,6,General Surgery,12,Leicester Royal Infirmary,Junior Doctor,26,NHS Band 7
DOC0120,Scott,White,Dr Scott White,Male,8,Obstetrics and Gynaecology,4,Guy's Hospital,Registrar,12,NHS Band 8C
DOC0121,Tamara,Jackson,Dr Tamara Jackson,Male,2,Oncology,10,John Radcliffe Hospital,Consultant,24,NHS Band 8C
DOC0122,Chris,Richards,Dr Chris Richards,Female,1,Cardiology,9,Nottingham City Hospital,Registrar,11,NHS Band 9
DOC0123,Gina,Evans,Dr Gina Evans,Female,12,Nephrology,15,King's College Hospital,Consultant,33,NHS Band 8A
DOC0124,Michael,Gomez,Dr Michael Gomez,Female,6,General Surgery,8,Leeds General Infirmary,Registrar,11,NHS Band 9
DOC0125,Barbara,Hart,Dr Barbara Hart,Male,4,Neurology,8,Leeds General Infirmary,Registrar,31,NHS Band 7
DOC0126,Andrea,Ruiz,Dr Andrea Ruiz,Female,12,Nephrology,3,St Thomas' Hospital,Registrar,9,NHS Band 8A
DOC0127,Jose,Conrad,Dr Jose Conrad,Female,5,Orthopaedics,15,King's College Hospital,Specialist,21,NHS Band 9
DOC0128,Steven,Bryant,Dr Steven Bryant,Female,5,Orthopaedics,3,St Thomas' Hospital,Specialist,28,NHS Band 9
DOC0129,Richard,Wolf,Dr Richard Wolf,Female,5,Orthopaedics,18,Royal Hallamshire Hospital,Junior Doctor,9,NHS Band 7
DOC0130,Mario,Pierce,Dr Mario Pierce,Female,1,Cardiology,4,Guy's Hospital,Registrar,27,NHS Band 8C
DOC0131,Brian,Simon,Dr Brian Simon,Male,5,Orthopaedics,2,Queen Elizabeth Hospital Birmingham,Specialist,18,NHS Band 7
DOC0132,Andrew,Thomas,Dr Andrew Thomas,Male,10,Gastroenterology,5,Addenbrooke's Hospital,Junior Doctor,11,NHS Band 9
DOC0133,Jennifer,Knapp,Dr Jennifer Knapp,Male,5,Orthopaedics,1,University Hospital Coventry,Junior Doctor,4,NHS Band 7
DOC0134,Natalie,Sullivan,Dr Natalie Sullivan,Female,12,Nephrology,5,Addenbrooke's Hospital,Specialist,4,NHS Band 6
DOC0135,Kaitlyn,Larson,Dr Kaitlyn Larson,Female,9,Respiratory Medicine,18,Royal Hallamshire Hospital,Specialist,12,NHS Band 6
DOC0136,Kaylee,Jenkins,Dr Kaylee Jenkins,Female,7,Paediatrics,10,John Radcliffe Hospital,Consultant,7,NHS Band 9
DOC0137,Laura,Downs,Dr Laura Downs,Male,1,Cardiology,18,Royal Hallamshire Hospital,Registrar,11,NHS Band 8C
DOC0138,Juan,Romero,Dr Juan Romero,Male,4,Neurology,9,Nottingham City Hospital,Consultant,27,NHS Band 8B
DOC0139,Gary,Gray,Dr Gary Gray,Male,2,Oncology,12,Leicester Royal Infirmary,Registrar,14,NHS Band 8B
DOC0140,Brenda,Salazar,Dr Brenda Salazar,Female,3,Emergency Medicine,3,St Thomas' Hospital,Specialist,10,NHS Band 8B
DOC0141,Brooke,Hendricks,Dr Brooke Hendricks,Male,1,Cardiology,12,Leicester Royal Infirmary,Specialist,27,NHS Band 6
DOC0142,Scott,Beck,Dr Scott Beck,Male,6,General Surgery,17,Royal Victoria Infirmary,Specialist,2,NHS Band 6
DOC0143,Amanda,Cardenas,Dr Amanda Cardenas,Male,12,Nephrology,8,Leeds General Infirmary,Registrar,27,NHS Band 7
DOC0144,Edward,Wilson,Dr Edward Wilson,Female,8,Obstetrics and Gynaecology,8,Leeds General Infirmary,Specialist,27,NHS Band 7
DOC0145,Thomas,Zamora,Dr Thomas Zamora,Female,10,Gastroenterology,14,University Hospital Southampton,Consultant,5,NHS Band 8A
DOC0146,Melissa,Baldwin,Dr Melissa Baldwin,Male,7,Paediatrics,15,King's College Hospital,Consultant,32,NHS Band 8A
DOC0147,Connie,Wright,Dr Connie Wright,Female,11,Endocrinology,1,University Hospital Coventry,Registrar,33,NHS Band 7
DOC0148,Priscilla,Wilkins,Dr Priscilla Wilkins,Male,8,Obstetrics and Gynaecology,5,Addenbrooke's Hospital,Junior Doctor,28,NHS Band 9
DOC0149,Melissa,Jones,Dr Melissa Jones,Male,6,General Surgery,14,University Hospital Southampton,Junior Doctor,10,NHS Band 9
DOC0150,John,Espinoza,Dr John Espinoza,Male,7,Paediatrics,1,University Hospital Coventry,Registrar,23,NHS Band 8C
DOC0151,Kayla,Chang,Dr Kayla Chang,Female,4,Neurology,11,Royal Stoke University Hospital,Specialist,18,NHS Band 8C
DOC0152,Blake,Hicks,Dr Blake Hicks,Female,1,Cardiology,3,St Thomas' Hospital,Registrar,28,NHS Band 8A
DOC0153,Amanda,Sanchez,Dr Amanda Sanchez,Male,9,Respiratory Medicine,17,Royal Victoria Infirmary,Consultant,4,NHS Band 8B
DOC0154,Katelyn,Scott,Dr Katelyn Scott,Female,11,Endocrinology,6,Royal Free Hospital,Specialist,10,NHS Band 7
DOC0155,Jonathan,Reyes,Dr Jonathan Reyes,Female,11,Endocrinology,9,Nottingham City Hospital,Consultant,16,NHS Band 8C
DOC0156,Caitlin,Hoffman,Dr Caitlin Hoffman,Female,2,Oncology,12,Leicester Royal Infirmary,Consultant,5,NHS Band 7
DOC0157,Gwendolyn,Davis,Dr Gwendolyn Davis,Female,8,Obstetrics and Gynaecology,14,University Hospital Southampton,Registrar,20,NHS Band 8A
DOC0158,Monica,Hall,Dr Monica Hall,Male,6,General Surgery,11,Royal Stoke University Hospital,Specialist,10,NHS Band 9
DOC0159,Katherine,Shepherd,Dr Katherine Shepherd,Female,6,General Surgery,5,Addenbrooke's Hospital,Registrar,2,NHS Band 8C
DOC0160,John,Harrell,Dr John Harrell,Female,8,Obstetrics and Gynaecology,3,St Thomas' Hospital,Junior Doctor,25,NHS Band 8C
DOC0161,Jack,Lyons,Dr Jack Lyons,Female,5,Orthopaedics,2,Queen Elizabeth Hospital Birmingham,Consultant,4,NHS Band 7
DOC0162,Sandra,Woods,Dr Sandra Woods,Male,1,Cardiology,15,King's College Hospital,Consultant,23,NHS Band 8A
DOC0163,Dave,Jones,Dr Dave Jones,Male,4,Neurology,3,St Thomas' Hospital,Registrar,13,NHS Band 8A
DOC0164,Robin,Savage,Dr Robin Savage,Male,2,Oncology,18,Royal Hallamshire Hospital,Consultant,21,NHS Band 8C
DOC0165,Justin,Lowe,Dr Justin Lowe,Male,5,Orthopaedics,1,University Hospital Coventry,Specialist,19,NHS Band 8B
DOC0166,Marilyn,Gray,Dr Marilyn Gray,Male,2,Oncology,6,Royal Free Hospital,Consultant,3,NHS Band 7
DOC0167,Gerald,Haynes,Dr Gerald Haynes,Male,3,Emergency Medicine,9,Nottingham City Hospital,Registrar,24,NHS Band 8A
DOC0168,April,Flowers,Dr April Flowers,Male,11,Endocrinology,5,Addenbrooke's Hospital,Registrar,17,NHS Band 8A
DOC0169,David,Herrera,Dr David Herrera,Male,6,General Surgery,3,St Thomas' Hospital,Consultant,25,NHS Band 8C
DOC0170,Donald,Barnes,Dr Donald Barnes,Female,2,Oncology,11,Royal Stoke University Hospital,Junior Doctor,14,NHS Band 8A
DOC0171,Jenna,Duran,Dr Jenna Duran,Female,11,Endocrinology,14,University Hospital Southampton,Registrar,6,NHS Band 9
DOC0172,Douglas,Reynolds,Dr Douglas Reynolds,Female,1,Cardiology,7,Manchester Royal Infirmary,Registrar,13,NHS Band 8A
DOC0173,Bonnie,Schneider,Dr Bonnie Schneider,Female,2,Oncology,4,Guy's Hospital,Specialist,9,NHS Band 8A
DOC0174,Jenna,Bowers,Dr Jenna Bowers,Male,4,Neurology,4,Guy's Hospital,Consultant,24,NHS Band 8A
DOC0175,Samantha,Smith,Dr Samantha Smith,Male,10,Gastroenterology,7,Manchester Royal Infirmary,Registrar,21,NHS Band 9
DOC0176,Trevor,Russell,Dr Trevor Russell,Female,11,Endocrinology,4,Guy's Hospital,Junior Doctor,7,NHS Band 8A
DOC0177,Lynn,Osborne,Dr Lynn Osborne,Male,7,Paediatrics,5,Addenbrooke's Hospital,Consultant,25,NHS Band 8C
DOC0178,Michael,Curtis,Dr Michael Curtis,Female,12,Nephrology,17,Royal Victoria Infirmary,Specialist,11,NHS Band 6
DOC0179,Amanda,Price,Dr Amanda Price,Male,3,Emergency Medicine,13,Southmead Hospital,Specialist,10,NHS Band 8B
DOC0180,Jason,Sharp,Dr Jason Sharp,Male,6,General Surgery,7,Manchester Royal Infirmary,Registrar,14,NHS Band 7
DOC0181,Jared,Dunlap,Dr Jared Dunlap,Female,9,Respiratory Medicine,14,University Hospital Southampton,Specialist,32,NHS Band 8A
DOC0182,Christopher,Rhodes,Dr Christopher Rhodes,Female,4,Neurology,2,Queen Elizabeth Hospital Birmingham,Consultant,12,NHS Band 8C
DOC0183,Tanya,Lawson,Dr Tanya Lawson,Female,10,Gastroenterology,17,Royal Victoria Infirmary,Junior Doctor,25,NHS Band 8A
DOC0184,Catherine,Stewart,Dr Catherine Stewart,Male,10,Gastroenterology,6,Royal Free Hospital,Registrar,22,NHS Band 8A
DOC0185,Kathy,Wood,Dr Kathy Wood,Male,11,Endocrinology,5,Addenbrooke's Hospital,Junior Doctor,28,NHS Band 9
DOC0186,Caitlin,Armstrong,Dr Caitlin Armstrong,Female,11,Endocrinology,11,Royal Stoke University Hospital,Junior Doctor,17,NHS Band 8A
DOC0187,Alexander,Roberts,Dr Alexander Roberts,Male,10,Gastroenterology,14,University Hospital Southampton,Registrar,35,NHS Band 8B
DOC0188,Andrea,Velazquez,Dr Andrea Velazquez,Female,4,Neurology,10,John Radcliffe Hospital,Specialist,3,NHS Band 9
DOC0189,Theresa,Welch,Dr Theresa Welch,Female,12,Nephrology,13,Southmead Hospital,Junior Doctor,30,NHS Band 6
DOC0190,Michael,Powell,Dr Michael Powell,Male,11,Endocrinology,6,Royal Free Hospital,Junior Doctor,33,NHS Band 6
DOC0191,Scott,Turner,Dr Scott Turner,Male,8,Obstetrics and Gynaecology,4,Guy's Hospital,Registrar,20,NHS Band 8A
DOC0192,Juan,Johnson,Dr Juan Johnson,Male,8,Obstetrics and Gynaecology,6,Royal Free Hospital,Specialist,3,NHS Band 7
DOC0193,Hannah,Myers,Dr Hannah Myers,Male,2,Oncology,11,Royal Stoke University Hospital,Consultant,17,NHS Band 6
DOC0194,Angela,Bautista,Dr Angela Bautista,Male,2,Oncology,6,Royal Free Hospital,Consultant,5,NHS Band 7
DOC0195,Jessica,Rodriguez,Dr Jessica Rodriguez,Male,9,Respiratory Medicine,14,University Hospital Southampton,Consultant,2,NHS Band 6
DOC0196,Lisa,Porter,Dr Lisa Porter,Female,7,Paediatrics,8,Leeds General Infirmary,Consultant,34,NHS Band 8C
DOC0197,William,Kaufman,Dr William Kaufman,Female,8,Obstetrics and Gynaecology,12,Leicester Royal Infirmary,Junior Doctor,3,NHS Band 8C
DOC0198,Bryan,Jones,Dr Bryan Jones,Female,6,General Surgery,14,University Hospital Southampton,Junior Doctor,12,NHS Band 6
DOC0199,William,Aguilar,Dr William Aguilar,Male,9,Respiratory Medicine,5,Addenbrooke's Hospital,Specialist,20,NHS Band 8B
DOC0200,Thomas,Parsons,Dr Thomas Parsons,Male,7,Paediatrics,17,Royal Victoria Infirmary,Registrar,9,NHS Band 6
DOC0201,Michelle,Chambers,Dr Michelle Chambers,Female,7,Paediatrics,12,Leicester Royal Infirmary,Consultant,34,NHS Band 7
DOC0202,Kim,Hicks,Dr Kim Hicks,Female,6,General Surgery,3,St Thomas' Hospital,Junior Doctor,12,NHS Band 9
DOC0203,Jason,Cruz,Dr Jason Cruz,Male,10,Gastroenterology,18,Royal Hallamshire Hospital,Junior Doctor,13,NHS Band 7
DOC0204,Charlene,Evans,Dr Charlene Evans,Male,6,General Surgery,17,Royal Victoria Infirmary,Junior Doctor,19,NHS Band 8C
DOC0205,Eddie,Juarez,Dr Eddie Juarez,Female,6,General Surgery,12,Leicester Royal Infirmary,Junior Doctor,13,NHS Band 8A
DOC0206,Patrick,Bailey,Dr Patrick Bailey,Female,5,Orthopaedics,4,Guy's Hospital,Specialist,32,NHS Band 7
DOC0207,Courtney,Wilson,Dr Courtney Wilson,Male,11,Endocrinology,10,John Radcliffe Hospital,Specialist,11,NHS Band 9
DOC0208,Taylor,Ruiz,Dr Taylor Ruiz,Female,9,Respiratory Medicine,4,Guy's Hospital,Consultant,2,NHS Band 7
DOC0209,Gregory,Henderson,Dr Gregory Henderson,Male,4,Neurology,18,Royal Hallamshire Hospital,Specialist,23,NHS Band 9
DOC0210,Jesus,Howard,Dr Jesus Howard,Female,9,Respiratory Medicine,18,Royal Hallamshire Hospital,Consultant,20,NHS Band 8B
DOC0211,Kayla,Alvarez,Dr Kayla Alvarez,Female,11,Endocrinology,15,King's College Hospital,Registrar,22,NHS Band 9
DOC0212,John,Rose,Dr John Rose,Male,8,Obstetrics and Gynaecology,13,Southmead Hospital,Registrar,9,NHS Band 6
DOC0213,Allison,Vazquez,Dr Allison Vazquez,Male,9,Respiratory Medicine,11,Royal Stoke University Hospital,Junior Doctor,5,NHS Band 8B
DOC0214,Tyler,Barr,Dr Tyler Barr,Female,4,Neurology,17,Royal Victoria Infirmary,Registrar,33,NHS Band 8C
DOC0215,Lori,Riggs,Dr Lori Riggs,Female,5,Orthopaedics,3,St Thomas' Hospital,Consultant,27,NHS Band 8C
DOC0216,Herbert,Flynn,Dr Herbert Flynn,Female,5,Orthopaedics,13,Southmead Hospital,Consultant,27,NHS Band 7
DOC0217,Jennifer,Myers,Dr Jennifer Myers,Female,8,Obstetrics and Gynaecology,5,Addenbrooke's Hospital,Specialist,16,NHS Band 8A
DOC0218,Patricia,Murray,Dr Patricia Murray,Male,2,Oncology,10,John Radcliffe Hospital,Consultant,11,NHS Band 7
DOC0219,Jessica,Brown,Dr Jessica Brown,Female,6,General Surgery,6,Royal Free Hospital,Registrar,6,NHS Band 8B
DOC0220,Ronald,Molina,Dr Ronald Molina,Female,5,Orthopaedics,3,St Thomas' Hospital,Registrar,5,NHS Band 8B
DOC0221,Jennifer,Freeman,Dr Jennifer Freeman,Female,10,Gastroenterology,5,Addenbrooke's Hospital,Consultant,16,NHS Band 7
DOC0222,Kimberly,Howard,Dr Kimberly Howard,Male,11,Endocrinology,6,Royal Free Hospital,Consultant,12,NHS Band 8A
DOC0223,Alexis,Walsh,Dr Alexis Walsh,Female,6,General Surgery,8,Leeds General Infirmary,Registrar,17,NHS Band 6
DOC0224,Erica,Mays,Dr Erica Mays,Male,5,Orthopaedics,3,St Thomas' Hospital,Specialist,33,NHS Band 9
DOC0225,Emily,Madden,Dr Emily Madden,Male,8,Obstetrics and Gynaecology,9,Nottingham City Hospital,Junior Doctor,25,NHS Band 6
DOC0226,Tammy,Simmons,Dr Tammy Simmons,Female,12,Nephrology,18,Royal Hallamshire Hospital,Consultant,17,NHS Band 9
DOC0227,Charles,Carpenter,Dr Charles Carpenter,Male,10,Gastroenterology,11,Royal Stoke University Hospital,Specialist,12,NHS Band 9
DOC0228,Theresa,Graham,Dr Theresa Graham,Male,4,Neurology,14,University Hospital Southampton,Registrar,3,NHS Band 8B
DOC0229,Jasmine,Waters,Dr Jasmine Waters,Male,7,Paediatrics,6,Royal Free Hospital,Specialist,7,NHS Band 8B
DOC0230,Mckenzie,Higgins,Dr Mckenzie Higgins,Female,10,Gastroenterology,7,Manchester Royal Infirmary,Consultant,29,NHS Band 7
DOC0231,Amy,Rhodes,Dr Amy Rhodes,Female,5,Orthopaedics,13,Southmead Hospital,Junior Doctor,6,NHS Band 8A
DOC0232,Jennifer,James,Dr Jennifer James,Female,12,Nephrology,16,University College Hospital,Consultant,24,NHS Band 6
DOC0233,Carla,Rogers,Dr Carla Rogers,Male,12,Nephrology,12,Leicester Royal Infirmary,Registrar,2,NHS Band 8A
DOC0234,Kimberly,Andersen,Dr Kimberly Andersen,Female,7,Paediatrics,18,Royal Hallamshire Hospital,Specialist,17,NHS Band 8A
DOC0235,Angela,Elliott,Dr Angela Elliott,Female,8,Obstetrics and Gynaecology,7,Manchester Royal Infirmary,Registrar,33,NHS Band 7
DOC0236,Michele,Giles,Dr Michele Giles,Male,3,Emergency Medicine,13,Southmead Hospital,Registrar,35,NHS Band 6
DOC0237,Justin,Bass,Dr Justin Bass,Male,2,Oncology,10,John Radcliffe Hospital,Junior Doctor,29,NHS Band 7
DOC0238,Dawn,Webster,Dr Dawn Webster,Male,10,Gastroenterology,10,John Radcliffe Hospital,Consultant,26,NHS Band 9
DOC0239,Robert,Neal,Dr Robert Neal,Male,10,Gastroenterology,3,St Thomas' Hospital,Junior Doctor,11,NHS Band 7
DOC0240,Jacob,Mcdonald,Dr Jacob Mcdonald,Male,11,Endocrinology,8,Leeds General Infirmary,Registrar,13,NHS Band 9
DOC0241,Andres,Lee,Dr Andres Lee,Male,3,Emergency Medicine,14,University Hospital Southampton,Consultant,7,NHS Band 7
DOC0242,Sandra,Martinez,Dr Sandra Martinez,Female,12,Nephrology,8,Leeds General Infirmary,Consultant,32,NHS Band 8A
DOC0243,Annette,Smith,Dr Annette Smith,Female,8,Obstetrics and Gynaecology,3,St Thomas' Hospital,Specialist,24,NHS Band 7
DOC0244,Julian,Bradshaw,Dr Julian Bradshaw,Male,10,Gastroenterology,12,Leicester Royal Infirmary,Junior Doctor,28,NHS Band 6
DOC0245,Larry,Martinez,Dr Larry Martinez,Male,7,Paediatrics,4,Guy's Hospital,Consultant,20,NHS Band 7
DOC0246,Laura,Mason,Dr Laura Mason,Female,3,Emergency Medicine,3,St Thomas' Hospital,Junior Doctor,22,NHS Band 9
DOC0247,Jennifer,Wilcox,Dr Jennifer Wilcox,Male,4,Neurology,1,University Hospital Coventry,Registrar,28,NHS Band 8B
DOC0248,Nicole,Willis,Dr Nicole Willis,Male,2,Oncology,16,University College Hospital,Junior Doctor,7,NHS Band 6
DOC0249,Caleb,Rogers,Dr Caleb Rogers,Male,3,Emergency Medicine,14,University Hospital Southampton,Registrar,7,NHS Band 8B
DOC0250,Kelsey,Thompson,Dr Kelsey Thompson,Female,7,Paediatrics,9,Nottingham City Hospital,Specialist,14,NHS Band 8C
DOC0251,James,Short,Dr James Short,Male,11,Endocrinology,11,Royal Stoke University Hospital,Specialist,6,NHS Band 9
DOC0252,Phillip,Ferguson,Dr Phillip Ferguson,Male,5,Orthopaedics,14,University Hospital Southampton,Registrar,10,NHS Band 9
DOC0253,Connie,Hill,Dr Connie Hill,Male,2,Oncology,14,University Hospital Southampton,Consultant,26,NHS Band 8C
DOC0254,Christian,Cooper,Dr Christian Cooper,Female,1,Cardiology,18,Royal Hallamshire Hospital,Consultant,4,NHS Band 7
DOC0255,Megan,George,Dr Megan George,Male,5,Orthopaedics,8,Leeds General Infirmary,Junior Doctor,16,NHS Band 8C
DOC0256,Lydia,Hensley,Dr Lydia Hensley,Male,10,Gastroenterology,12,Leicester Royal Infirmary,Registrar,2,NHS Band 6
DOC0257,Lindsay,Schultz,Dr Lindsay Schultz,Male,4,Neurology,13,Southmead Hospital,Consultant,16,NHS Band 8A
DOC0258,Kathleen,Kirby,Dr Kathleen Kirby,Male,5,Orthopaedics,9,Nottingham City Hospital,Specialist,9,NHS Band 7
DOC0259,Angelica,Dunlap,Dr Angelica Dunlap,Female,4,Neurology,2,Queen Elizabeth Hospital Birmingham,Registrar,33,NHS Band 8B
DOC0260,Richard,Holmes,Dr Richard Holmes,Male,3,Emergency Medicine,13,Southmead Hospital,Specialist,18,NHS Band 7
DOC0261,Daniel,Pollard,Dr Daniel Pollard,Female,5,Orthopaedics,13,Southmead Hospital,Junior Doctor,23,NHS Band 8A
DOC0262,Peter,Baker,Dr Peter Baker,Male,9,Respiratory Medicine,13,Southmead Hospital,Specialist,32,NHS Band 6
DOC0263,Keith,Johnson,Dr Keith Johnson,Female,5,Orthopaedics,8,Leeds General Infirmary,Consultant,35,NHS Band 7
DOC0264,Anna,Williamson,Dr Anna Williamson,Female,3,Emergency Medicine,18,Royal Hallamshire Hospital,Specialist,34,NHS Band 8B
DOC0265,Laura,Thornton,Dr Laura Thornton,Male,10,Gastroenterology,14,University Hospital Southampton,Specialist,19,NHS Band 6
DOC0266,David,Le,Dr David Le,Female,3,Emergency Medicine,14,University Hospital Southampton,Junior Doctor,14,NHS Band 7
DOC0267,Larry,Carter,Dr Larry Carter,Male,6,General Surgery,14,University Hospital Southampton,Consultant,7,NHS Band 8A
DOC0268,Sarah,Wu,Dr Sarah Wu,Female,1,Cardiology,13,Southmead Hospital,Specialist,2,NHS Band 9
DOC0269,Courtney,Odonnell,Dr Courtney Odonnell,Male,9,Respiratory Medicine,5,Addenbrooke's Hospital,Specialist,23,NHS Band 7
DOC0270,Michele,Bailey,Dr Michele Bailey,Female,3,Emergency Medicine,13,Southmead Hospital,Consultant,3,NHS Band 9
DOC0271,Kristin,Hall,Dr Kristin Hall,Female,11,Endocrinology,15,King's College Hospital,Registrar,9,NHS Band 8C
DOC0272,Alexander,White,Dr Alexander White,Male,9,Respiratory Medicine,4,Guy's Hospital,Registrar,15,NHS Band 9
DOC0273,Holly,Paul,Dr Holly Paul,Female,9,Respiratory Medicine,18,Royal Hallamshire Hospital,Registrar,2,NHS Band 7
DOC0274,Jay,Snyder,Dr Jay Snyder,Male,9,Respiratory Medicine,18,Royal Hallamshire Hospital,Specialist,22,NHS Band 7
DOC0275,Chris,Smith,Dr Chris Smith,Female,2,Oncology,18,Royal Hallamshire Hospital,Consultant,12,NHS Band 8B
DOC0276,Jennifer,Allen,Dr Jennifer Allen,Female,2,Oncology,16,University College Hospital,Junior Doctor,16,NHS Band 9
DOC0277,Erica,Haynes,Dr Erica Haynes,Male,8,Obstetrics and Gynaecology,18,Royal Hallamshire Hospital,Consultant,30,NHS Band 9
DOC0278,Laura,Fields,Dr Laura Fields,Female,11,Endocrinology,11,Royal Stoke University Hospital,Junior Doctor,3,NHS Band 9
DOC0279,Jerry,Price,Dr Jerry Price,Male,8,Obstetrics and Gynaecology,1,University Hospital Coventry,Consultant,25,NHS Band 8B
DOC0280,Bradley,Bolton,Dr Bradley Bolton,Female,10,Gastroenterology,14,University Hospital Southampton,Consultant,16,NHS Band 8A
DOC0281,Donna,Martin,Dr Donna Martin,Female,11,Endocrinology,2,Queen Elizabeth Hospital Birmingham,Registrar,20,NHS Band 6
DOC0282,Angela,Garza,Dr Angela Garza,Male,7,Paediatrics,14,University Hospital Southampton,Junior Doctor,4,NHS Band 8C
DOC0283,Kevin,Suarez,Dr Kevin Suarez,Male,3,Emergency Medicine,1,University Hospital Coventry,Consultant,5,NHS Band 8C
DOC0284,Samantha,Brooks,Dr Samantha Brooks,Male,1,Cardiology,6,Royal Free Hospital,Junior Doctor,29,NHS Band 8A
DOC0285,Ryan,Reese,Dr Ryan Reese,Female,9,Respiratory Medicine,7,Manchester Royal Infirmary,Junior Doctor,28,NHS Band 8B
DOC0286,Barbara,Graves,Dr Barbara Graves,Male,7,Paediatrics,3,St Thomas' Hospital,Registrar,22,NHS Band 8B
DOC0287,Alexis,Stewart,Dr Alexis Stewart,Male,10,Gastroenterology,8,Leeds General Infirmary,Consultant,3,NHS Band 7
DOC0288,Michelle,Bennett,Dr Michelle Bennett,Male,7,Paediatrics,3,St Thomas' Hospital,Specialist,18,NHS Band 9
DOC0289,Sheila,Jones,Dr Sheila Jones,Female,10,Gastroenterology,2,Queen Elizabeth Hospital Birmingham,Consultant,5,NHS Band 7
DOC0290,John,Powers,Dr John Powers,Male,5,Orthopaedics,3,St Thomas' Hospital,Registrar,22,NHS Band 8A
DOC0291,Mark,Miller,Dr Mark Miller,Male,1,Cardiology,15,King's College Hospital,Specialist,26,NHS Band 9
DOC0292,David,Ward,Dr David Ward,Male,5,Orthopaedics,9,Nottingham City Hospital,Consultant,15,NHS Band 9
DOC0293,Ryan,Porter,Dr Ryan Porter,Male,8,Obstetrics and Gynaecology,13,Southmead Hospital,Junior Doctor,29,NHS Band 7
DOC0294,William,Fisher,Dr William Fisher,Male,12,Nephrology,17,Royal Victoria Infirmary,Specialist,19,NHS Band 8C
DOC0295,Amy,Hernandez,Dr Amy Hernandez,Female,9,Respiratory Medicine,15,King's College Hospital,Junior Doctor,25,NHS Band 8B
DOC0296,Jillian,Ferguson,Dr Jillian Ferguson,Male,5,Orthopaedics,2,Queen Elizabeth Hospital Birmingham,Consultant,32,NHS Band 9
DOC0297,Christina,Zhang,Dr Christina Zhang,Female,11,Endocrinology,7,Manchester Royal Infirmary,Specialist,19,NHS Band 8A
DOC0298,Robert,Bell,Dr Robert Bell,Male,8,Obstetrics and Gynaecology,5,Addenbrooke's Hospital,Consultant,23,NHS Band 8C
DOC0299,Alexa,Garcia,Dr Alexa Garcia,Male,5,Orthopaedics,10,John Radcliffe Hospital,Specialist,11,NHS Band 8B
DOC0300,Ethan,Cook,Dr Ethan Cook,Female,9,Respiratory Medicine,9,Nottingham City Hospital,Consultant,25,NHS Band 7
DOC0301,Audrey,Garcia,Dr Audrey Garcia,Male,11,Endocrinology,7,Manchester Royal Infirmary,Junior Doctor,29,NHS Band 7
DOC0302,Wanda,Davis,Dr Wanda Davis,Male,5,Orthopaedics,11,Royal Stoke University Hospital,Junior Doctor,4,NHS Band 8C
DOC0303,Greg,Turner,Dr Greg Turner,Male,9,Respiratory Medicine,2,Queen Elizabeth Hospital Birmingham,Registrar,6,NHS Band 9
DOC0304,James,Fowler,Dr James Fowler,Female,1,Cardiology,12,Leicester Royal Infirmary,Registrar,14,NHS Band 8A
DOC0305,Elizabeth,Sampson,Dr Elizabeth Sampson,Male,9,Respiratory Medicine,9,Nottingham City Hospital,Specialist,33,NHS Band 9
DOC0306,Tracy,Orr,Dr Tracy Orr,Male,2,Oncology,3,St Thomas' Hospital,Specialist,12,NHS Band 6
DOC0307,Kimberly,Mccarthy,Dr Kimberly Mccarthy,Female,4,Neurology,18,Royal Hallamshire Hospital,Junior Doctor,33,NHS Band 8A
DOC0308,James,Rogers,Dr James Rogers,Male,7,Paediatrics,5,Addenbrooke's Hospital,Junior Doctor,16,NHS Band 9
DOC0309,Jessica,Carter,Dr Jessica Carter,Male,7,Paediatrics,11,Royal Stoke University Hospital,Consultant,4,NHS Band 8C
DOC0310,Michael,Sawyer,Dr Michael Sawyer,Female,12,Nephrology,5,Addenbrooke's Hospital,Consultant,31,NHS Band 7
DOC0311,Ronald,Fisher,Dr Ronald Fisher,Male,9,Respiratory Medicine,12,Leicester Royal Infirmary,Specialist,23,NHS Band 6
DOC0312,Joyce,Lara,Dr Joyce Lara,Male,8,Obstetrics and Gynaecology,2,Queen Elizabeth Hospital Birmingham,Junior Doctor,17,NHS Band 8B
DOC0313,Monique,Howard,Dr Monique Howard,Male,8,Obstetrics and Gynaecology,12,Leicester Royal Infirmary,Junior Doctor,9,NHS Band 8A
DOC0314,Roger,Harris,Dr Roger Harris,Female,11,Endocrinology,10,John Radcliffe Hospital,Specialist,3,NHS Band 8B
DOC0315,Melissa,Middleton,Dr Melissa Middleton,Male,1,Cardiology,17,Royal Victoria Infirmary,Junior Doctor,12,NHS Band 7
DOC0316,John,Smith,Dr John Smith,Female,11,Endocrinology,4,Guy's Hospital,Junior Doctor,27,NHS Band 8A
DOC0317,Francisco,Garcia,Dr Francisco Garcia,Female,2,Oncology,14,University Hospital Southampton,Consultant,3,NHS Band 8B
DOC0318,Alexis,Frank,Dr Alexis Frank,Male,3,Emergency Medicine,4,Guy's Hospital,Registrar,3,NHS Band 7
DOC0319,Sarah,Bauer,Dr Sarah Bauer,Female,12,Nephrology,18,Royal Hallamshire Hospital,Junior Doctor,27,NHS Band 8C
DOC0320,Michael,Price,Dr Michael Price,Female,12,Nephrology,16,University College Hospital,Specialist,4,NHS Band 6
DOC0321,Robert,Roberts,Dr Robert Roberts,Female,8,Obstetrics and Gynaecology,7,Manchester Royal Infirmary,Specialist,9,NHS Band 7
DOC0322,Hector,Garcia,Dr Hector Garcia,Male,12,Nephrology,8,Leeds General Infirmary,Consultant,25,NHS Band 8A
DOC0323,Matthew,Allen,Dr Matthew Allen,Female,9,Respiratory Medicine,16,University College Hospital,Junior Doctor,12,NHS Band 9
DOC0324,Deborah,Jordan,Dr Deborah Jordan,Male,10,Gastroenterology,13,Southmead Hospital,Registrar,35,NHS Band 9
DOC0325,Steven,Adams,Dr Steven Adams,Female,8,Obstetrics and Gynaecology,4,Guy's Hospital,Specialist,28,NHS Band 8A
DOC0326,Laura,Larson,Dr Laura Larson,Male,12,Nephrology,10,John Radcliffe Hospital,Specialist,28,NHS Band 7
DOC0327,Brian,Chandler,Dr Brian Chandler,Male,5,Orthopaedics,13,Southmead Hospital,Specialist,5,NHS Band 7
DOC0328,Melissa,Waters,Dr Melissa Waters,Female,4,Neurology,7,Manchester Royal Infirmary,Specialist,35,NHS Band 9
DOC0329,Brandi,Bennett,Dr Brandi Bennett,Female,9,Respiratory Medicine,5,Addenbrooke's Hospital,Specialist,32,NHS Band 8C
DOC0330,Angela,Vazquez,Dr Angela Vazquez,Male,12,Nephrology,15,King's College Hospital,Specialist,6,NHS Band 8B
DOC0331,Ryan,Carpenter,Dr Ryan Carpenter,Male,4,Neurology,8,Leeds General Infirmary,Registrar,5,NHS Band 7
DOC0332,Katherine,Jones,Dr Katherine Jones,Female,12,Nephrology,13,Southmead Hospital,Registrar,3,NHS Band 8B
DOC0333,Jennifer,Davis,Dr Jennifer Davis,Female,2,Oncology,15,King's College Hospital,Junior Doctor,35,NHS Band 7
DOC0334,Dorothy,Preston,Dr Dorothy Preston,Female,9,Respiratory Medicine,5,Addenbrooke's Hospital,Registrar,7,NHS Band 7
DOC0335,David,Ross,Dr David Ross,Male,10,Gastroenterology,2,Queen Elizabeth Hospital Birmingham,Specialist,2,NHS Band 9
DOC0336,Courtney,Hamilton,Dr Courtney Hamilton,Male,2,Oncology,6,Royal Free Hospital,Specialist,18,NHS Band 8B
DOC0337,William,Fitzpatrick,Dr William Fitzpatrick,Female,1,Cardiology,3,St Thomas' Hospital,Consultant,16,NHS Band 9
DOC0338,Denise,Christian,Dr Denise Christian,Female,2,Oncology,13,Southmead Hospital,Registrar,25,NHS Band 8C
DOC0339,Seth,Johnson,Dr Seth Johnson,Male,9,Respiratory Medicine,17,Royal Victoria Infirmary,Junior Doctor,3,NHS Band 8A
DOC0340,Christine,Hartman,Dr Christine Hartman,Male,6,General Surgery,9,Nottingham City Hospital,Consultant,12,NHS Band 8A
DOC0341,Brandy,Hughes,Dr Brandy Hughes,Male,11,Endocrinology,5,Addenbrooke's Hospital,Specialist,3,NHS Band 8C
DOC0342,Patricia,Mckenzie,Dr Patricia Mckenzie,Female,1,Cardiology,6,Royal Free Hospital,Specialist,33,NHS Band 7
DOC0343,Christina,Ali,Dr Christina Ali,Male,1,Cardiology,1,University Hospital Coventry,Registrar,28,NHS Band 7
DOC0344,Patricia,Stone,Dr Patricia Stone,Male,3,Emergency Medicine,4,Guy's Hospital,Registrar,25,NHS Band 8A
DOC0345,Nathaniel,Hughes,Dr Nathaniel Hughes,Female,7,Paediatrics,7,Manchester Royal Infirmary,Junior Doctor,8,NHS Band 9
DOC0346,Whitney,Elliott,Dr Whitney Elliott,Male,11,Endocrinology,7,Manchester Royal Infirmary,Specialist,3,NHS Band 8B
DOC0347,Dawn,Rojas,Dr Dawn Rojas,Male,4,Neurology,18,Royal Hallamshire Hospital,Consultant,8,NHS Band 7
DOC0348,Nathan,Frank,Dr Nathan Frank,Female,11,Endocrinology,4,Guy's Hospital,Specialist,24,NHS Band 7
DOC0349,Connor,Woods,Dr Connor Woods,Male,5,Orthopaedics,9,Nottingham City Hospital,Specialist,29,NHS Band 9
DOC0350,Tammy,Cooley,Dr Tammy Cooley,Male,11,Endocrinology,10,John Radcliffe Hospital,Registrar,26,NHS Band 8A
DOC0351,Juan,Ibarra,Dr Juan Ibarra,Female,10,Gastroenterology,2,Queen Elizabeth Hospital Birmingham,Junior Doctor,19,NHS Band 8C
DOC0352,Natasha,Lin,Dr Natasha Lin,Female,5,Orthopaedics,4,Guy's Hospital,Junior Doctor,33,NHS Band 6
DOC0353,Brendan,Skinner,Dr Brendan Skinner,Male,11,Endocrinology,11,Royal Stoke University Hospital,Consultant,8,NHS Band 8B
DOC0354,Kimberly,Dawson,Dr Kimberly Dawson,Male,7,Paediatrics,2,Queen Elizabeth Hospital Birmingham,Junior Doctor,16,NHS Band 7
DOC0355,Sonya,Walsh,Dr Sonya Walsh,Female,1,Cardiology,11,Royal Stoke University Hospital,Junior Doctor,32,NHS Band 9
DOC0356,Timothy,Smith,Dr Timothy Smith,Male,2,Oncology,6,Royal Free Hospital,Registrar,24,NHS Band 6
DOC0357,Samuel,Bond,Dr Samuel Bond,Male,7,Paediatrics,14,University Hospital Southampton,Junior Doctor,31,NHS Band 8A
DOC0358,Alicia,Walter,Dr Alicia Walter,Male,9,Respiratory Medicine,13,Southmead Hospital,Consultant,18,NHS Band 8B
DOC0359,Miranda,Aguilar,Dr Miranda Aguilar,Female,4,Neurology,5,Addenbrooke's Hospital,Specialist,32,NHS Band 8A
DOC0360,Helen,Graham,Dr Helen Graham,Male,11,Endocrinology,12,Leicester Royal Infirmary,Junior Doctor,22,NHS Band 8B
DOC0361,Marilyn,Wright,Dr Marilyn Wright,Male,11,Endocrinology,1,University Hospital Coventry,Registrar,15,NHS Band 6
DOC0362,Brandon,Durham,Dr Brandon Durham,Female,5,Orthopaedics,7,Manchester Royal Infirmary,Specialist,22,NHS Band 8A
DOC0363,Brian,Flores,Dr Brian Flores,Female,2,Oncology,6,Royal Free Hospital,Junior Doctor,25,NHS Band 8A
DOC0364,Alexander,Walker,Dr Alexander Walker,Male,9,Respiratory Medicine,9,Nottingham City Hospital,Consultant,21,NHS Band 8A
DOC0365,Mary,Mcdonald,Dr Mary Mcdonald,Male,4,Neurology,18,Royal Hallamshire Hospital,Junior Doctor,15,NHS Band 6
DOC0366,Sharon,Cooper,Dr Sharon Cooper,Female,2,Oncology,9,Nottingham City Hospital,Consultant,9,NHS Band 8C
DOC0367,Elizabeth,Harper,Dr Elizabeth Harper,Female,5,Orthopaedics,7,Manchester Royal Infirmary,Registrar,7,NHS Band 9
DOC0368,Dustin,Barber,Dr Dustin Barber,Female,5,Orthopaedics,7,Manchester Royal Infirmary,Registrar,2,NHS Band 6
DOC0369,Richard,Rangel,Dr Richard Rangel,Male,11,Endocrinology,14,University Hospital Southampton,Specialist,4,NHS Band 8C
DOC0370,Barbara,Allen,Dr Barbara Allen,Male,6,General Surgery,10,John Radcliffe Hospital,Specialist,7,NHS Band 9
DOC0371,Jeffrey,Smith,Dr Jeffrey Smith,Male,9,Respiratory Medicine,17,Royal Victoria Infirmary,Registrar,6,NHS Band 8A
DOC0372,Kevin,Medina,Dr Kevin Medina,Female,1,Cardiology,7,Manchester Royal Infirmary,Junior Doctor,25,NHS Band 6
DOC0373,Misty,Levy,Dr Misty Levy,Female,10,Gastroenterology,14,University Hospital Southampton,Junior Doctor,7,NHS Band 8A
DOC0374,Jeffrey,Dixon,Dr Jeffrey Dixon,Male,6,General Surgery,6,Royal Free Hospital,Registrar,11,NHS Band 7
DOC0375,Michael,Russo,Dr Michael Russo,Female,12,Nephrology,2,Queen Elizabeth Hospital Birmingham,Specialist,35,NHS Band 6
DOC0376,Bryan,Calderon,Dr Bryan Calderon,Male,1,Cardiology,2,Queen Elizabeth Hospital Birmingham,Consultant,13,NHS Band 8B
DOC0377,Gary,Wiggins,Dr Gary Wiggins,Female,7,Paediatrics,1,University Hospital Coventry,Specialist,19,NHS Band 9
DOC0378,Mary,Rogers,Dr Mary Rogers,Female,8,Obstetrics and Gynaecology,2,Queen Elizabeth Hospital Birmingham,Consultant,11,NHS Band 8C
DOC0379,Alexander,Garcia,Dr Alexander Garcia,Male,3,Emergency Medicine,5,Addenbrooke's Hospital,Specialist,12,NHS Band 8B
DOC0380,Brittney,Jones,Dr Brittney Jones,Female,6,General Surgery,4,Guy's Hospital,Specialist,15,NHS Band 8B
DOC0381,Rachel,Orozco,Dr Rachel Orozco,Female,7,Paediatrics,5,Addenbrooke's Hospital,Registrar,22,NHS Band 8A
DOC0382,Matthew,Parker,Dr Matthew Parker,Male,4,Neurology,15,King's College Hospital,Junior Doctor,30,NHS Band 9
DOC0383,Kelsey,Franklin,Dr Kelsey Franklin,Female,4,Neurology,6,Royal Free Hospital,Junior Doctor,8,NHS Band 8A
DOC0384,Katherine,Elliott,Dr Katherine Elliott,Male,10,Gastroenterology,11,Royal Stoke University Hospital,Specialist,13,NHS Band 8A
DOC0385,Amy,Willis,Dr Amy Willis,Female,7,Paediatrics,6,Royal Free Hospital,Registrar,26,NHS Band 8C
DOC0386,Angela,Miller,Dr Angela Miller,Female,7,Paediatrics,8,Leeds General Infirmary,Junior Doctor,16,NHS Band 8B
DOC0387,Alejandro,Diaz,Dr Alejandro Diaz,Female,9,Respiratory Medicine,5,Addenbrooke's Hospital,Specialist,21,NHS Band 6
DOC0388,Beverly,Sandoval,Dr Beverly Sandoval,Male,10,Gastroenterology,18,Royal Hallamshire Hospital,Registrar,22,NHS Band 8B
DOC0389,Stephen,Flores,Dr Stephen Flores,Male,5,Orthopaedics,5,Addenbrooke's Hospital,Specialist,28,NHS Band 8C
DOC0390,Natalie,Taylor,Dr Natalie Taylor,Female,11,Endocrinology,2,Queen Elizabeth Hospital Birmingham,Specialist,17,NHS Band 8C
DOC0391,Alexandra,Sheppard,Dr Alexandra Sheppard,Female,7,Paediatrics,15,King's College Hospital,Consultant,27,NHS Band 9
DOC0392,Michelle,Lynn,Dr Michelle Lynn,Male,10,Gastroenterology,13,Southmead Hospital,Junior Doctor,20,NHS Band 7
DOC0393,Nicole,Walters,Dr Nicole Walters,Female,12,Nephrology,14,University Hospital Southampton,Specialist,5,NHS Band 8C
DOC0394,Jessica,Neal,Dr Jessica Neal,Female,11,Endocrinology,3,St Thomas' Hospital,Registrar,3,NHS Band 8A
DOC0395,William,Beard,Dr William Beard,Male,9,Respiratory Medicine,7,Manchester Royal Infirmary,Specialist,2,NHS Band 8C
DOC0396,Michael,Hogan,Dr Michael Hogan,Female,5,Orthopaedics,6,Royal Free Hospital,Consultant,10,NHS Band 8C
DOC0397,Zachary,White,Dr Zachary White,Male,6,General Surgery,13,Southmead Hospital,Specialist,28,NHS Band 8A
DOC0398,Jasmine,Davenport,Dr Jasmine Davenport,Male,12,Nephrology,13,Southmead Hospital,Specialist,19,NHS Band 9
DOC0399,Alexander,Smith,Dr Alexander Smith,Male,3,Emergency Medicine,4,Guy's Hospital,Junior Doctor,29,NHS Band 7
DOC0400,Nathaniel,Escobar,Dr Nathaniel Escobar,Female,3,Emergency Medicine,14,University Hospital Southampton,Specialist,15,NHS Band 9
DOC0401,Veronica,Gibbs,Dr Veronica Gibbs,Male,4,Neurology,10,John Radcliffe Hospital,Registrar,3,NHS Band 9
DOC0402,Christopher,Scott,Dr Christopher Scott,Male,2,Oncology,3,St Thomas' Hospital,Consultant,18,NHS Band 9
DOC0403,Ana,Horton,Dr Ana Horton,Male,3,Emergency Medicine,6,Royal Free Hospital,Junior Doctor,35,NHS Band 6
DOC0404,Laura,Mcpherson,Dr Laura Mcpherson,Male,10,Gastroenterology,1,University Hospital Coventry,Specialist,11,NHS Band 9
DOC0405,Heather,Smith,Dr Heather Smith,Male,7,Paediatrics,12,Leicester Royal Infirmary,Consultant,24,NHS Band 8B
DOC0406,Brenda,Gillespie,Dr Brenda Gillespie,Female,2,Oncology,3,St Thomas' Hospital,Specialist,14,NHS Band 9
DOC0407,Susan,Lozano,Dr Susan Lozano,Male,9,Respiratory Medicine,17,Royal Victoria Infirmary,Junior Doctor,6,NHS Band 7
DOC0408,Glenda,Wright,Dr Glenda Wright,Female,10,Gastroenterology,16,University College Hospital,Specialist,15,NHS Band 8B
DOC0409,Robert,Flores,Dr Robert Flores,Male,12,Nephrology,6,Royal Free Hospital,Registrar,14,NHS Band 7
DOC0410,Ronald,Cox,Dr Ronald Cox,Female,3,Emergency Medicine,11,Royal Stoke University Hospital,Specialist,30,NHS Band 8A
DOC0411,Devin,Lopez,Dr Devin Lopez,Female,10,Gastroenterology,12,Leicester Royal Infirmary,Junior Doctor,15,NHS Band 8C
DOC0412,Loretta,Long,Dr Loretta Long,Male,10,Gastroenterology,12,Leicester Royal Infirmary,Consultant,31,NHS Band 8C
DOC0413,Jesse,Hawkins,Dr Jesse Hawkins,Female,2,Oncology,3,St Thomas' Hospital,Consultant,27,NHS Band 9
DOC0414,Alyssa,Garcia,Dr Alyssa Garcia,Male,5,Orthopaedics,1,University Hospital Coventry,Specialist,11,NHS Band 6
DOC0415,Carol,Moody,Dr Carol Moody,Female,7,Paediatrics,3,St Thomas' Hospital,Junior Doctor,30,NHS Band 9
DOC0416,Jeffrey,Caldwell,Dr Jeffrey Caldwell,Male,11,Endocrinology,3,St Thomas' Hospital,Consultant,3,NHS Band 8C
DOC0417,Miguel,Moss,Dr Miguel Moss,Female,3,Emergency Medicine,14,University Hospital Southampton,Specialist,2,NHS Band 8C
DOC0418,Matthew,Hoffman,Dr Matthew Hoffman,Female,10,Gastroenterology,1,University Hospital Coventry,Junior Doctor,20,NHS Band 8B
DOC0419,Jessica,Jones,Dr Jessica Jones,Female,8,Obstetrics and Gynaecology,11,Royal Stoke University Hospital,Registrar,4,NHS Band 9
DOC0420,Jacqueline,Rodriguez,Dr Jacqueline Rodriguez,Male,9,Respiratory Medicine,11,Royal Stoke University Hospital,Registrar,12,NHS Band 8A
DOC0421,Yvonne,Jordan,Dr Yvonne Jordan,Female,8,Obstetrics and Gynaecology,13,Southmead Hospital,Junior Doctor,32,NHS Band 6
DOC0422,Matthew,Morris,Dr Matthew Morris,Female,10,Gastroenterology,10,John Radcliffe Hospital,Specialist,7,NHS Band 9
DOC0423,Leonard,Williamson,Dr Leonard Williamson,Male,9,Respiratory Medicine,16,University College Hospital,Consultant,6,NHS Band 7
DOC0424,John,Martin,Dr John Martin,Female,6,General Surgery,12,Leicester Royal Infirmary,Consultant,11,NHS Band 7
DOC0425,Brett,Hernandez,Dr Brett Hernandez,Female,10,Gastroenterology,13,Southmead Hospital,Junior Doctor,5,NHS Band 8C
DOC0426,Brittany,Sanchez,Dr Brittany Sanchez,Male,8,Obstetrics and Gynaecology,8,Leeds General Infirmary,Specialist,32,NHS Band 7
DOC0427,Julie,Smith,Dr Julie Smith,Female,2,Oncology,7,Manchester Royal Infirmary,Consultant,21,NHS Band 8C
DOC0428,Courtney,Brown,Dr Courtney Brown,Male,7,Paediatrics,12,Leicester Royal Infirmary,Junior Doctor,30,NHS Band 8C
DOC0429,Ricky,Rangel,Dr Ricky Rangel,Male,12,Nephrology,7,Manchester Royal Infirmary,Specialist,3,NHS Band 8B
DOC0430,Clayton,Ramirez,Dr Clayton Ramirez,Male,7,Paediatrics,5,Addenbrooke's Hospital,Registrar,23,NHS Band 9
DOC0431,Jaclyn,Jacobs,Dr Jaclyn Jacobs,Female,5,Orthopaedics,7,Manchester Royal Infirmary,Registrar,2,NHS Band 6
DOC0432,John,Huffman,Dr John Huffman,Male,3,Emergency Medicine,3,St Thomas' Hospital,Specialist,17,NHS Band 6
DOC0433,Travis,Coffey,Dr Travis Coffey,Female,12,Nephrology,3,St Thomas' Hospital,Specialist,5,NHS Band 9
DOC0434,Benjamin,Combs,Dr Benjamin Combs,Male,11,Endocrinology,7,Manchester Royal Infirmary,Specialist,28,NHS Band 8A
DOC0435,Scott,Phillips,Dr Scott Phillips,Male,10,Gastroenterology,7,Manchester Royal Infirmary,Registrar,30,NHS Band 8A
DOC0436,Erika,Russo,Dr Erika Russo,Male,12,Nephrology,16,University College Hospital,Consultant,5,NHS Band 8A
DOC0437,Robert,Glass,Dr Robert Glass,Female,1,Cardiology,4,Guy's Hospital,Junior Doctor,25,NHS Band 7
DOC0438,Carol,Hall,Dr Carol Hall,Female,2,Oncology,14,University Hospital Southampton,Junior Doctor,28,NHS Band 6
DOC0439,Kimberly,Harrell,Dr Kimberly Harrell,Male,10,Gastroenterology,18,Royal Hallamshire Hospital,Registrar,11,NHS Band 9
DOC0440,David,Taylor,Dr David Taylor,Female,1,Cardiology,1,University Hospital Coventry,Junior Doctor,30,NHS Band 6
DOC0441,Karen,Crawford,Dr Karen Crawford,Male,12,Nephrology,1,University Hospital Coventry,Junior Doctor,5,NHS Band 8B
DOC0442,Michele,Shelton,Dr Michele Shelton,Male,12,Nephrology,18,Royal Hallamshire Hospital,Consultant,4,NHS Band 7
DOC0443,Clifford,Thomas,Dr Clifford Thomas,Male,7,Paediatrics,16,University College Hospital,Junior Doctor,34,NHS Band 6
DOC0444,Cynthia,Sullivan,Dr Cynthia Sullivan,Male,5,Orthopaedics,13,Southmead Hospital,Registrar,17,NHS Band 8A
DOC0445,Jessica,Smith,Dr Jessica Smith,Female,3,Emergency Medicine,8,Leeds General Infirmary,Junior Doctor,21,NHS Band 8C
DOC0446,Joel,Jenkins,Dr Joel Jenkins,Female,7,Paediatrics,16,University College Hospital,Junior Doctor,12,NHS Band 8B
DOC0447,Jennifer,Kent,Dr Jennifer Kent,Female,7,Paediatrics,5,Addenbrooke's Hospital,Specialist,15,NHS Band 8B
DOC0448,Amanda,French,Dr Amanda French,Female,2,Oncology,12,Leicester Royal Infirmary,Registrar,11,NHS Band 8B
DOC0449,Anna,Banks,Dr Anna Banks,Female,1,Cardiology,9,Nottingham City Hospital,Junior Doctor,31,NHS Band 8B
DOC0450,Shawn,Mcmahon,Dr Shawn Mcmahon,Female,7,Paediatrics,3,St Thomas' Hospital,Registrar,2,NHS Band 6
DOC0451,David,Marshall,Dr David Marshall,Female,1,Cardiology,13,Southmead Hospital,Registrar,11,NHS Band 8A
DOC0452,Amy,Huang,Dr Amy Huang,Male,11,Endocrinology,9,Nottingham City Hospital,Specialist,18,NHS Band 7
DOC0453,Craig,Taylor,Dr Craig Taylor,Male,11,Endocrinology,10,John Radcliffe Hospital,Junior Doctor,28,NHS Band 6
DOC0454,Jennifer,Fowler,Dr Jennifer Fowler,Female,11,Endocrinology,15,King's College Hospital,Junior Doctor,35,NHS Band 9
DOC0455,Dawn,Morgan,Dr Dawn Morgan,Female,12,Nephrology,11,Royal Stoke University Hospital,Junior Doctor,11,NHS Band 8B
DOC0456,Kimberly,Hicks,Dr Kimberly Hicks,Male,5,Orthopaedics,6,Royal Free Hospital,Junior Doctor,23,NHS Band 7
DOC0457,Marc,Barajas,Dr Marc Barajas,Female,9,Respiratory Medicine,2,Queen Elizabeth Hospital Birmingham,Specialist,31,NHS Band 8C
DOC0458,James,Dean,Dr James Dean,Male,10,Gastroenterology,5,Addenbrooke's Hospital,Junior Doctor,3,NHS Band 9
DOC0459,Jeffrey,Fields,Dr Jeffrey Fields,Female,9,Respiratory Medicine,9,Nottingham City Hospital,Registrar,34,NHS Band 8B
DOC0460,Christina,Wilcox,Dr Christina Wilcox,Male,1,Cardiology,7,Manchester Royal Infirmary,Registrar,31,NHS Band 6
DOC0461,Michael,Nelson,Dr Michael Nelson,Female,7,Paediatrics,8,Leeds General Infirmary,Consultant,17,NHS Band 9
DOC0462,Paula,Blair,Dr Paula Blair,Male,8,Obstetrics and Gynaecology,8,Leeds General Infirmary,Specialist,6,NHS Band 7
DOC0463,Pamela,Stevens,Dr Pamela Stevens,Female,5,Orthopaedics,7,Manchester Royal Infirmary,Consultant,11,NHS Band 9
DOC0464,Maria,Dominguez,Dr Maria Dominguez,Female,8,Obstetrics and Gynaecology,4,Guy's Hospital,Registrar,9,NHS Band 8A
DOC0465,Steven,Madden,Dr Steven Madden,Female,12,Nephrology,17,Royal Victoria Infirmary,Junior Doctor,3,NHS Band 8C
DOC0466,Hayley,Horne,Dr Hayley Horne,Male,7,Paediatrics,1,University Hospital Coventry,Consultant,24,NHS Band 8B
DOC0467,Alicia,Reilly,Dr Alicia Reilly,Female,10,Gastroenterology,16,University College Hospital,Specialist,24,NHS Band 6
DOC0468,Dawn,Rice,Dr Dawn Rice,Female,11,Endocrinology,11,Royal Stoke University Hospital,Specialist,29,NHS Band 8B
DOC0469,Christina,Allison,Dr Christina Allison,Male,8,Obstetrics and Gynaecology,5,Addenbrooke's Hospital,Junior Doctor,18,NHS Band 8B
DOC0470,Kaylee,Simon,Dr Kaylee Simon,Male,9,Respiratory Medicine,16,University College Hospital,Registrar,5,NHS Band 6
DOC0471,Douglas,Caldwell,Dr Douglas Caldwell,Male,12,Nephrology,16,University College Hospital,Consultant,19,NHS Band 9
DOC0472,Ryan,Robles,Dr Ryan Robles,Female,12,Nephrology,15,King's College Hospital,Registrar,5,NHS Band 7
DOC0473,Christina,Miller,Dr Christina Miller,Male,1,Cardiology,6,Royal Free Hospital,Specialist,3,NHS Band 8A
DOC0474,Joseph,Robles,Dr Joseph Robles,Female,3,Emergency Medicine,13,Southmead Hospital,Registrar,20,NHS Band 9
DOC0475,Kimberly,Smith,Dr Kimberly Smith,Male,8,Obstetrics and Gynaecology,3,St Thomas' Hospital,Junior Doctor,6,NHS Band 8C
DOC0476,Danielle,Saunders,Dr Danielle Saunders,Male,10,Gastroenterology,8,Leeds General Infirmary,Registrar,31,NHS Band 8A
DOC0477,Jeremy,Zamora,Dr Jeremy Zamora,Male,8,Obstetrics and Gynaecology,12,Leicester Royal Infirmary,Specialist,13,NHS Band 7
DOC0478,Kayla,Lawrence,Dr Kayla Lawrence,Female,1,Cardiology,18,Royal Hallamshire Hospital,Registrar,5,NHS Band 8C
DOC0479,Brandon,Williams,Dr Brandon Williams,Male,5,Orthopaedics,1,University Hospital Coventry,Junior Doctor,13,NHS Band 8C
DOC0480,Erin,Henderson,Dr Erin Henderson,Female,6,General Surgery,10,John Radcliffe Hospital,Consultant,2,NHS Band 8B
DOC0481,Robert,Joseph,Dr Robert Joseph,Female,8,Obstetrics and Gynaecology,5,Addenbrooke's Hospital,Consultant,4,NHS Band 9
DOC0482,Gabrielle,Reid,Dr Gabrielle Reid,Female,11,Endocrinology,1,University Hospital Coventry,Specialist,3,NHS Band 6
DOC0483,Cheryl,Boyd,Dr Cheryl Boyd,Male,10,Gastroenterology,2,Queen Elizabeth Hospital Birmingham,Registrar,23,NHS Band 8B
DOC0484,Anthony,Robertson,Dr Anthony Robertson,Male,10,Gastroenterology,11,Royal Stoke University Hospital,Consultant,8,NHS Band 8C
DOC0485,Nicole,Johnson,Dr Nicole Johnson,Female,4,Neurology,15,King's College Hospital,Consultant,29,NHS Band 8A
DOC0486,Christopher,Ingram,Dr Christopher Ingram,Male,7,Paediatrics,4,Guy's Hospital,Junior Doctor,18,NHS Band 7
DOC0487,Robert,Wagner,Dr Robert Wagner,Male,6,General Surgery,2,Queen Elizabeth Hospital Birmingham,Registrar,16,NHS Band 8C
DOC0488,Dalton,Cox,Dr Dalton Cox,Female,10,Gastroenterology,9,Nottingham City Hospital,Specialist,23,NHS Band 8C
DOC0489,Cameron,Williams,Dr Cameron Williams,Female,4,Neurology,16,University College Hospital,Junior Doctor,29,NHS Band 9
DOC0490,Joshua,Rosales,Dr Joshua Rosales,Male,12,Nephrology,17,Royal Victoria Infirmary,Specialist,19,NHS Band 8A
DOC0491,Steve,Miller,Dr Steve Miller,Male,8,Obstetrics and Gynaecology,17,Royal Victoria Infirmary,Specialist,16,NHS Band 7
DOC0492,Jerry,Hoffman,Dr Jerry Hoffman,Female,6,General Surgery,10,John Radcliffe Hospital,Junior Doctor,32,NHS Band 8A
DOC0493,Ryan,Martin,Dr Ryan Martin,Male,12,Nephrology,11,Royal Stoke University Hospital,Specialist,2,NHS Band 8B
DOC0494,Stacy,Stevenson,Dr Stacy Stevenson,Female,1,Cardiology,5,Addenbrooke's Hospital,Junior Doctor,15,NHS Band 8C
DOC0495,Jennifer,Alvarez,Dr Jennifer Alvarez,Female,12,Nephrology,3,St Thomas' Hospital,Registrar,28,NHS Band 8B
DOC0496,Lindsey,Mendoza,Dr Lindsey Mendoza,Male,11,Endocrinology,1,University Hospital Coventry,Consultant,9,NHS Band 8B
DOC0497,Ronald,Raymond,Dr Ronald Raymond,Female,10,Gastroenterology,16,University College Hospital,Specialist,35,NHS Band 9
DOC0498,Derek,Mejia,Dr Derek Mejia,Female,10,Gastroenterology,8,Leeds General Infirmary,Registrar,29,NHS Band 6
DOC0499,Colleen,Beard,Dr Colleen Beard,Male,4,Neurology,17,Royal Victoria Infirmary,Consultant,2,NHS Band 9
DOC0500,Dawn,Willis,Dr Dawn Willis,Male,1,Cardiology,1,University Hospital Coventry,Registrar,13,NHS Band 6
